{
    "url":      "https://staging.alt.art/",
    "loginurl":     "https://staging.alt.art/login",
    "email":     "assianas111@gmail.com",
    "password":     "Pa$$w0rd",
    "Artworkname":      "palestina",
    "Description":      "A powerful artwork depicting the resilience of Palestine, where olive trees grow defiantly from cracked soil, and a single kite soars high in a turbulent sky, symbolizing hope and steadfastness amidst adversity",
    "PrimarySaleBuyer":     "Hindox",
    "Collaborator":     "ChatGPT",
    "OwnedBy":      "RaiOn",
    "Editions":     "1/1 Edition",
    "Crypto":       "USD",
    "CPrice":       "1000",
    "PPrice":       "100",
    "Date":     "20",
    "DateC":    "29",
    "DateM":    "23",
    "StyleOfArt":       "Abstract",
    "Title":        "Free palestina",
    "RDetail":      "A Moving Tribute to Resilience and Hope",
    "MarketPlaceLink":  "https://opensea.io/fr"   
}